/* Regiao */
insert into regiao values (1, 'Norte', 	3818722);
insert into regiao values (2, 'Centro', 2348453);
insert into regiao values (3, 'Lisboa', 2808414);
insert into regiao values (4, 'Alentejo', 776339);
insert into regiao values (5, 'Algarve', 395208);

/* Concelho */
/* Norte */
insert into concelho values (1, 1, 'Arcos de Valdevez', 22847);
insert into concelho values (2, 1, 'Caminha', 16684);
insert into concelho values (3, 1, 'Melgaço', 9213);
insert into concelho values (4, 1, 'Monção', 19230);
insert into concelho values (5, 1, 'Paredes de Coura', 9198);
insert into concelho values (6, 1, 'Ponte da Barca', 22847);
insert into concelho values (7, 1, 'Ponte de Lima', 43498);
insert into concelho values (8, 1, 'Valença', 14127);
insert into concelho values (9, 1, 'Viana do Castelo', 88725);
insert into concelho values (10, 1, 'Vila Nova de Cerveira', 9253);
insert into concelho values (11, 1, 'Amares', 18889);
insert into concelho values (12, 1, 'Barcelos', 120391);
insert into concelho values (13, 1, 'Braga', 181494);
insert into concelho values (14, 1, 'Esposende', 34254);
insert into concelho values (15, 1, 'Terras de Bouro', 7253);
insert into concelho values (16, 1, 'Vila Verde', 47888);
insert into concelho values (17, 1, 'Cabeceiras de Basto', 16710);
insert into concelho values (18, 1, 'Fafe', 50663);
insert into concelho values (19, 1, 'Guimarães', 158124);
insert into concelho values (20, 1, 'Mondim de Basto', 7493);
insert into concelho values (21, 1, 'Póvoa de Lanhoso', 21886);
insert into concelho values (22, 1, 'Vieira do Minho', 12997);
insert into concelho values (23, 1, 'Vila Nova de Famalicão', 133832);
insert into concelho values (24, 1, 'Vizela', 23736);
insert into concelho values (25, 1, 'Arouca', 22359);
insert into concelho values (26, 1, 'Espinho', 31786);
insert into concelho values (27, 1, 'Gondomar', 168027);
insert into concelho values (28, 1, 'Maia', 135306);
insert into concelho values (29, 1, 'Matosinhos', 135306);
insert into concelho values (30, 1, 'Oliveira de Azeméis', 68611);
insert into concelho values (31, 1, 'Paredes', 86854);
insert into concelho values (32, 1, 'Porto', 237591);
insert into concelho values (33, 1, 'Póvoa de Varzim', 63408);
insert into concelho values (34, 1, 'Santa Maria da Feira', 139312);
insert into concelho values (35, 1, 'Santo Tirso', 71530);
insert into concelho values (36, 1, 'São João da Madeira', 21713);
insert into concelho values (37, 1, 'Trofa', 38999);
insert into concelho values (38, 1, 'Vale de Cambra', 22864);
insert into concelho values (39, 1, 'Valongo', 93858);
insert into concelho values (40, 1, 'Vila do Conde', 79533);
insert into concelho values (41, 1, 'Vila Nova de Gaia', 302295);
insert into concelho values (42, 1, 'Boticas', 5750);
insert into concelho values (43, 1, 'Chaves', 41243);
insert into concelho values (44, 1, 'Montalegre', 10537);
insert into concelho values (45, 1, 'Valpaços', 16882);
insert into concelho values (46, 1, 'Vila Pouca de Aguiar', 13187);
insert into concelho values (47, 1, 'Amarante', 56264);
insert into concelho values (48, 1, 'Baião', 20522);
insert into concelho values (49, 1, 'Castelo de Paiva', 16733);
insert into concelho values (50, 1, 'Celorico de Basto', 20098);
insert into concelho values (51, 1, 'Cinfães', 20427);
insert into concelho values (52, 1, 'Felgueiras', 58065);
insert into concelho values (53, 1, 'Lousada', 47387);
insert into concelho values (54, 1, 'Marco de Canaveses', 53450);
insert into concelho values (55, 1, 'Paços de Ferreira', 56340);
insert into concelho values (56, 1, 'Penafiel', 72265);
insert into concelho values (57, 1, 'Resende', 11364);
insert into concelho values (58, 1, 'Alijó', 11942);
insert into concelho values (59, 1, 'Armamar', 6297);
insert into concelho values (60, 1, 'Carrazeda de Ansiães', 6373);
insert into concelho values (61, 1, 'Freixo de Espada à Cinta', 3780);
insert into concelho values (62, 1, 'Lamego', 26691);
insert into concelho values (63, 1, 'Mesão Frio', 4433);
insert into concelho values (64, 1, 'Moimenta da Beira', 10212);
insert into concelho values (65, 1, 'Murça', 5952);
insert into concelho values (66, 1, 'Penedono', 2952);
insert into concelho values (67, 1, 'Peso da Régua', 17131);
insert into concelho values (68, 1, 'Sabrosa', 6361);
insert into concelho values (69, 1, 'Santa Marta de Penaguião', 7356);
insert into concelho values (70, 1, 'São João da Pesqueira', 7874);
insert into concelho values (71, 1, 'Sernancelhe', 5671);
insert into concelho values (72, 1, 'Tabuaço', 6.350);
insert into concelho values (73, 1, 'Tarouca', 8048);
insert into concelho values (74, 1, 'Torre de Moncorvo', 8572);
insert into concelho values (75, 1, 'Vila Nova de Foz Côa', 7312);
insert into concelho values (76, 1, 'Vila Real', 51850);
insert into concelho values (77, 1, 'Alfândega da Fé', 5104);
insert into concelho values (78, 1, 'Bragança', 35341);
insert into concelho values (79, 1, 'Macedo de Cavaleiros', 15776);
insert into concelho values (80, 1, 'Miranda do Douro', 7482);
insert into concelho values (81, 1, 'Mirandela', 23850);
insert into concelho values (82, 1, 'Mogadouro', 9542);
insert into concelho values (83, 1, 'Vila Flor', 6697);
insert into concelho values (84, 1, 'Vimioso', 4669);
insert into concelho values (85, 1, 'Vinhais', 9066);

/* Centro */
insert into concelho values (1, 2, 'Alcobaça', 56693);
insert into concelho values (2, 2, 'Alenquer', 43267);
insert into concelho values (3, 2,'Arruda dos Vinhos', 13391);
insert into concelho values (4, 2, 'Bombarral', 13193);
insert into concelho values (5, 2, 'Cadaval', 14228);
insert into concelho values (6, 2, 'Caldas da Rainha', 51729);
insert into concelho values (7, 2, 'Lourinhã', 25735);
insert into concelho values (8, 2, 'Nazaré', 15158);
insert into concelho values (9, 2, 'Óbidos', 11772);
insert into concelho values (10, 2, 'Peniche', 27753);
insert into concelho values (11, 2, 'Sobral de Monte Agraço', 10156);
insert into concelho values (12, 2, 'Torres Vedras', 79465);
insert into concelho values (13, 2, 'Águeda', 47729);
insert into concelho values (14, 2, 'Albergaria-a-Velha', 25252);
insert into concelho values (15, 2, 'Anadia', 29150);
insert into concelho values (16, 2, 'Aveiro', 78450);
insert into concelho values (17, 2, 'Estarreja', 26997);
insert into concelho values (18, 2, 'Ílhavo', 38598);
insert into concelho values (19, 2, 'Murtosa', 10585);
insert into concelho values (20, 2, 'Oliveira do Bairro', 23028);
insert into concelho values (21, 2, 'Ovar', 55398);
insert into concelho values (22, 2, 'Sever do Vouga', 12356);
insert into concelho values (23, 2, 'Vagos', 22851);
insert into concelho values (24, 2, 'Arganil', 12145);
insert into concelho values (25, 2, 'Cantanhede', 36595);
insert into concelho values (26, 2, 'Coimbra', 143396);
insert into concelho values (27, 2, 'Condeixa-a-Nova', 17078);
insert into concelho values (28, 2, 'Figueira da Foz', 62125);
insert into concelho values (29, 2, 'Góis', 4260);
insert into concelho values (30, 2, 'Lousã', 17604);
insert into concelho values (31, 2, 'Mealhada', 20428);
insert into concelho values (32, 2, 'Mira', 12465);
insert into concelho values (33, 2, 'Miranda do Corvo', 13098);
insert into concelho values (34, 2, 'Montemor-o-Velho', 26171);
insert into concelho values (35, 2, 'Mortágua', 9607);
insert into concelho values (36, 2, 'Oliveira do Hospital', 20855);
insert into concelho values (37, 2, 'Pampilhosa da Serra', 4481);
insert into concelho values (38, 2, 'Penacova', 15251);
insert into concelho values (39, 2, 'Penela', 5983);
insert into concelho values (40, 2, 'Soure', 19245);
insert into concelho values (41, 2, 'Tábua', 12071);
insert into concelho values (42, 2, 'Vila Nova de Poiares', 7281);
insert into concelho values (43, 2, 'Alvaiázere', 7287);
insert into concelho values (44, 2, 'Ansião', 13128);
insert into concelho values (45, 2, 'Batalha', 15805);
insert into concelho values (46, 2, 'Castanheira de Pêra', 3191);
insert into concelho values (47, 2, 'Figueiró dos Vinhos', 6169);
insert into concelho values (48, 2, 'Leiria', 126897);
insert into concelho values (49, 2, 'Marinha Grande', 38681);
insert into concelho values (50, 2, 'Pedrógão Grande', 3915);
insert into concelho values (51, 2, 'Pombal', 55217);
insert into concelho values (52, 2, 'Porto de Mós', 24342);
insert into concelho values (53, 2, 'Aguiar da Beira', 5473);
insert into concelho values (54, 2, 'Carregal do Sal', 9835);
insert into concelho values (55, 2, 'Castro Daire', 15339);
insert into concelho values (56, 2, 'Mangualde', 19880);
insert into concelho values (57, 2, 'Nelas', 14037);
insert into concelho values (58, 2, 'Oliveira de Frades', 10261);
insert into concelho values (59, 2, 'Penalva do Castelo', 7956);
insert into concelho values (60, 2, 'Santa Comba Dão', 11597);
insert into concelho values (61, 2, 'São Pedro do Sul', 16851);
insert into concelho values (62, 2, 'Sátão', 12444);
insert into concelho values (63, 2, 'Tondela', 28946);
insert into concelho values (64, 2, 'Vila Nova de Paiva', 5176);
insert into concelho values (65, 2, 'Viseu', 99274);
insert into concelho values (66, 2, 'Vouzela', 10564);
insert into concelho values (67, 2, 'Castelo Branco', 56109);
insert into concelho values (68, 2, 'Idanha-a-Nova', 9716);
insert into concelho values (69, 2, 'Oleiros', 5721);
insert into concelho values (70, 2, 'Penamacor', 5682);
insert into concelho values (71, 2, 'Proença-a-Nova', 8314);
insert into concelho values (72, 2, 'Vila Velha de Ródão', 3521);
insert into concelho values (73, 2, 'Abrantes', 39325);
insert into concelho values (74, 2, 'Alcanena', 13868);
insert into concelho values (75, 2, 'Constância', 4056);
insert into concelho values (76, 2, 'Entroncamento', 20206);
insert into concelho values (77, 2, 'Ferreira do Zêzere', 8619);
insert into concelho values (78, 2, 'Mação', 7338);
insert into concelho values (79, 2, 'Ourém', 45932);
insert into concelho values (80, 2, 'Sardoal', 3939);
insert into concelho values (81, 2, 'Sertã', 15880);
insert into concelho values (82, 2, 'Tomar', 40677);
insert into concelho values (83, 2, 'Torres Novas', 36717);
insert into concelho values (84, 2, 'Vila de Rei', 3452);
insert into concelho values (85, 2, 'Vila Nova da Barquinha', 7322);
insert into concelho values (86, 2, 'Almeida', 7242);
insert into concelho values (87, 2, 'Belmonte', 6859);
insert into concelho values (88, 2, 'Celorico da Beira', 7693);
insert into concelho values (89, 2, 'Covilhã', 51797);
insert into concelho values (90, 2, 'Figueira de Castelo Rodrigo', 6260);
insert into concelho values (91, 2, 'Fornos de Algodres', 4989);
insert into concelho values (92, 2, 'Fundão', 29213);
insert into concelho values (93, 2, 'Gouveia', 14046);
insert into concelho values (94, 2, 'Guarda', 42541);
insert into concelho values (95, 2, 'Manteigas', 3430);
insert into concelho values (96, 2, 'Mêda', 5202);
insert into concelho values (97, 2, 'Pinhel', 9627);
insert into concelho values (98, 2, 'Sabugal', 12544);
insert into concelho values (99, 2, 'Seia', 24702);
insert into concelho values (100, 2, 'Trancoso', 9878);

/* Lisboa */
insert into concelho values (1, 3, 'Alcochete', 17569);
insert into concelho values (2, 3, 'Almada', 174030);
insert into concelho values (3, 3, 'Amadora', 175136);
insert into concelho values (4, 3, 'Barreiro', 78764);
insert into concelho values (5, 3, 'Cascais', 206479);
insert into concelho values (6, 3, 'Lisboa', 547733);
insert into concelho values (7, 3, 'Loures', 205054);
insert into concelho values (8, 3, 'Mafra', 76685);
insert into concelho values (9, 3, 'Moita', 66029);
insert into concelho values (10, 3, 'Montijo', 51222);
insert into concelho values (11, 3, 'Odivelas', 144549);
insert into concelho values (12, 3, 'Oeiras', 172120);
insert into concelho values (13, 3, 'Palmela', 62831);
insert into concelho values (14, 3, 'Seixal', 158269);
insert into concelho values (15, 3, 'Sesimbra', 49500);
insert into concelho values (16, 3, 'Setúbal', 121185);
insert into concelho values (17, 3, 'Sintra', 377835);
insert into concelho values (18, 3, 'Vila Franca de Xira', 136886);

/* Alentejo */
insert into concelho values (1, 4, 'Alcácer do Sal', 13046);
insert into concelho values (2, 4, 'Grândola', 14826);
insert into concelho values (3, 4, 'Odemira', 26066);
insert into concelho values (4, 4, 'Santiago do Cacém', 29749);
insert into concelho values (5, 4, 'Sines', 14238);
insert into concelho values (6, 4, 'Aljustrel', 9257);
insert into concelho values (7, 4, 'Almodôvar', 7449);
insert into concelho values (8, 4, 'Alvito', 2504);
insert into concelho values (9, 4, 'Barrancos', 1834);
insert into concelho values (10, 4, 'Beja', 35854);
insert into concelho values (11, 4, 'Castro Verde', 7276);
insert into concelho values (12, 4, 'Cuba', 4878);
insert into concelho values (13, 4, 'Ferreira do Alentejo', 8255);
insert into concelho values (14, 4, 'Mértola', 7274);
insert into concelho values (15, 4, 'Moura', 15167);
insert into concelho values (16, 4, 'Ourique', 5389);
insert into concelho values (17, 4, 'Serpa', 15623);
insert into concelho values (18, 4, 'Vidigueira', 5932);
insert into concelho values (19, 4, 'Almeirim', 23376);
insert into concelho values (20, 4, 'Alpiarça', 7702);
insert into concelho values (21, 4, 'Azambuja', 21814);
insert into concelho values (22, 4, 'Benavente', 29019);
insert into concelho values (23, 4, 'Cartaxo', 24462);
insert into concelho values (24, 4, 'Chamusca', 10120);
insert into concelho values (25, 4, 'Coruche', 19944);
insert into concelho values (26, 4, 'Golegã', 5465);
insert into concelho values (27, 4, 'Rio Maior', 21192);
insert into concelho values (28, 4, 'Salvaterra de Magos', 22159);
insert into concelho values (29, 4, 'Santarém', 62200);
insert into concelho values (30, 4, 'Alter do Chão', 3562);
insert into concelho values (31, 4, 'Arronches', 3165);
insert into concelho values (32, 4, 'Avis', 4571);
insert into concelho values (33, 4, 'Campo Maior', 8456);
insert into concelho values (34, 4, 'Castelo de Vide', 3407);
insert into concelho values (35, 4, 'Crato', 3708);
insert into concelho values (36, 4, 'Elvas', 23078);
insert into concelho values (37, 4, 'Fronteira', 3410);
insert into concelho values (38, 4, 'Gavião', 4132);
insert into concelho values (39, 4, 'Marvão', 3512);
insert into concelho values (40, 4, 'Monforte', 3329);
insert into concelho values (41, 4, 'Nisa', 7450);
insert into concelho values (42, 4, 'Ponte de Sor', 16722);
insert into concelho values (43, 4, 'Portalegre', 24930);
insert into concelho values (44, 4, 'Sousel', 5074);
insert into concelho values (45, 4, 'Alandroal', 5843);
insert into concelho values (46, 4, 'Arraiolos', 7363);
insert into concelho values (47, 4, 'Borba', 7333);
insert into concelho values (48, 4, 'Estremoz', 14318);
insert into concelho values (49, 4, 'Évora', 56596);
insert into concelho values (50, 4, 'Montemor-o-Novo', 17437);
insert into concelho values (51, 4, 'Mora', 4978);
insert into concelho values (52, 4, 'Mourão', 2663);
insert into concelho values (53, 4, 'Portel', 6428);
insert into concelho values (54, 4, 'Redondo', 7031);
insert into concelho values (55, 4, 'Reguengos de Monsaraz', 10828);
insert into concelho values (56, 4, 'Vendas Novas', 11846);
insert into concelho values (57, 4, 'Viana do Alentejo', 5743);
insert into concelho values (58, 4, 'Vila Viçosa', 8319);

/* Algarve */
insert into concelho values (1, 5, 'Albufeira', 40828);
insert into concelho values (2, 5, 'Alcoutim', 2917);
insert into concelho values (3, 5, 'Aljezur', 5884);
insert into concelho values (4, 5, 'Castro Marim', 6747);
insert into concelho values (5, 5, 'Faro', 64560);
insert into concelho values (6, 5, 'Lagoa', 22975);
insert into concelho values (7, 5, 'Lagos', 31049);
insert into concelho values (8, 5, 'Loulé', 70622);
insert into concelho values (9, 5, 'Monchique', 6045);
insert into concelho values (10, 5, 'Olhão', 45396);
insert into concelho values (11, 5, 'Portimão', 55614);
insert into concelho values (12, 5, 'São Brás de Alportel', 10662);
insert into concelho values (13, 5, 'Silves', 37126);
insert into concelho values (14, 5, 'Tavira', 26167);
insert into concelho values (15, 5, 'Vila do Bispo', 5258);
insert into concelho values (16, 5, 'Vila Real de Santo António', 19156);


/* Instituicao */
/* Lisboa */
insert into instituicao values ('Lusíadas', 'hospital', 3, 6);
insert into instituicao values ('Hospital da Luz', 'hospital', 3, 6);
insert into instituicao values ('Santa Maria', 'hospital', 3, 6);
insert into instituicao values ('Farmácia Largo do Rato', 'farmacia', 3, 6);
insert into instituicao values ('Farmácia Ronil', 'farmacia', 3, 6);
insert into instituicao values ('CUF Belém', 'clinica', 3, 6);
insert into instituicao values ('Laboratório Lisboa', 'laboratorio', 3, 6);

/* Porto */
insert into instituicao values ('São João', 'hospital', 1, 32);
insert into instituicao values ('Centro Hospitalar Universitário', 'hospital', 1, 32);
insert into instituicao values ('CUF Porto', 'hospital', 1, 32);
insert into instituicao values ('Farmácia Barreiros', 'farmacia', 1, 32);
insert into instituicao values ('Clínica Antas', 'clinica', 1, 32);
insert into instituicao values ('Laboratório Porto', 'laboratorio', 1, 32);

/* Amadora */
insert into instituicao values ('Amadora-Sintra', 'hospital', 3, 3);
insert into instituicao values ('Farmácia Heleno', 'farmacia', 3, 3);

/* Oeiras */
insert into instituicao values ('CUF Nova SBE', 'clinica', 3, 12);

/* Almada */
insert into instituicao values ('Garcia da Horta', 'hospital', 3, 2);
insert into instituicao values ('Farmácia Almada', 'farmacia', 3, 2);

/* Torres Vedras */
insert into instituicao values ('Hospital de Torres Vedras', 'hospital', 2, 12);
insert into instituicao values ('Farmácia Quintela', 'farmacia', 2, 12);
insert into instituicao values ('Affidea', 'laboratorio', 2, 12);

/* Arouca */
insert into instituicao values ('Farmácia Gomes de Pinho', 'farmacia', 1, 25);
insert into instituicao values ('Farmácia Santo António', 'farmacia', 1, 25);
insert into instituicao values ('Farmácia Brandão Alves', 'farmacia', 1, 25);
insert into instituicao values ('Farmácia Cabral Brandão', 'farmacia', 1, 25);
insert into instituicao values ('Farmácia Central', 'farmacia', 1, 25);
insert into instituicao values ('Arouca Sorridente', 'clinica', 1, 25);
insert into instituicao values ('Centro Médico de Arouca', 'clinica', 1, 25);

/* Aveiro */
insert into instituicao values ('Centro Hospitalar Baixo Vouga', 'hospital', 2, 16);
insert into instituicao values ('Farmácia Peixinho', 'farmacia', 2, 16);
insert into instituicao values ('Farmácia Moura Glicínias', 'farmacia', 2, 16);
insert into instituicao values ('Farmácia Alagoas', 'farmacia', 2, 16);
insert into instituicao values ('Avelab', 'laboratorio', 2, 16);

/* Águeda */
insert into instituicao values ('Farmácia Alla', 'farmacia', 2, 13);
insert into instituicao values ('Farmácia Correia', 'farmacia', 2, 13);
insert into instituicao values ('Farmácia Macinhata', 'farmacia', 2, 13);
insert into instituicao values ('Clinague', 'clinica', 2, 13);
insert into instituicao values ('Dr Joaquim Chaves', 'laboratorio', 2, 13);

/* Santa Maria da Feira */
insert into instituicao values ('USF Santa Maria da Feira', 'hospital', 1, 34);
insert into instituicao values ('Farmácia do Cavaco', 'farmacia', 1, 34);
insert into instituicao values ('Farmácia Lima', 'farmacia', 1, 34);

/* Beja */
insert into instituicao values ('Hospital José Joaquim Fernandes', 'hospital', 4, 10);
insert into instituicao values ('Farmácia Carapinha do Ó', 'farmacia', 4, 10);

/* Portalegre */
insert into instituicao values ('Clínica Santa Beatriz', 'clinica', 4, 43);
insert into instituicao values ('Laboratório Amaia', 'laboratorio', 4, 43);

/* Portimão */
insert into instituicao values ('Hospital de Portimão', 'hospital', 5, 11);
insert into instituicao values ('Farmácia Rosa Nunes', 'farmacia', 5, 11);

/* Faro */
insert into instituicao values ('Joaquim Chaves Saúde', 'clinica', 5, 5);
insert into instituicao values ('Farmácia da Penha', 'farmacia', 5, 5);

/* Albufeira */
insert into instituicao values ('Farmácia Alves da Sousa', 'farmacia', 5, 1);


/* Medico */
insert into medico values (1, 'Dra Caldas Lopes', 'Dermatologia');
insert into medico values (2, 'Dra Leyre', 'Oftalmologia');
insert into medico values (3, 'Dr Joaquim Chaves', 'Hematologia');
insert into medico values (4, 'Dr Shocke', 'Neurologia');
insert into medico values (5, 'Dra Sunshine', 'Pediatria');
insert into medico values (6, 'Dra Bones', 'Radiologia');
insert into medico values (7, 'Dr Shibanga', 'Saúde Mental');
insert into medico values (8, 'Dra Maria', 'Medicina Geral');
insert into medico values (9, 'Dr João', 'Medicina Geral');
insert into medico values (10, 'Dra Surprise', 'Ecografia');
insert into medico values (11, 'Dr Cantu', 'Oncologia');
insert into medico values (12, 'Dr Itse Aboi', 'Ecografia');
insert into medico values (13, 'Dr Jonh', 'Medicina Física e Reabilitação');
insert into medico values (14, 'Dr Riddle', 'Cirugia Plástica');
insert into medico values (15, 'Dr Joffrey', 'Toxicologia');
insert into medico values (16, 'Dra Fe Male', 'Ginecologia');
insert into medico values (17, 'Dra Frie Potato', 'Nutrição');
insert into medico values (18, 'Dr Uuvuvwevwevwe Ossas', 'Otorrinolaringologia');
insert into medico values (19, 'Dr Coroa', 'Epidemologista');
insert into medico values (20, 'Dr Andrew', 'Oncologia');
insert into medico values (21, 'Dr Juan', 'Imunohemoterapia');
insert into medico values (22, 'Dra Hearts Bit', 'Cardiologia');
insert into medico values (23, 'Dr Schwarzenegger', 'Medicina Desportiva');
insert into medico values (24, 'Dra Post Mortem', 'Medicina Legal');
insert into medico values (25, 'Dr Comrade Dyatlov', 'Medicina Nuclear');
insert into medico values (26, 'Dra Island Affogato', 'Medicina Tropical');
insert into medico values (27, 'Dra Karen', 'Saúde Pública');
insert into medico values (28, 'Dr Ben Shapiro', 'Ginecologia');
insert into medico values (29, 'Dr Yon', 'Medicina Tradicional');
insert into medico values (30, 'Dr Nagato', 'Anestesia');
insert into medico values (31, 'Dr Cromor', 'Oncologia');
insert into medico values (32, 'Dr Mio Pia', 'Oftalmologia');
insert into medico values (33, 'Dr Taveira', 'Pediatria');
insert into medico values (34, 'Dr Dimitri', 'Neurologia');
insert into medico values (35, 'Dr Ted Bere', 'Pediatria');
insert into medico values (36, 'Dr Bronquio', 'Pneumologia');
insert into medico values (37, 'Dra Shibanga', 'Psicologia');
insert into medico values (38, 'Dr Anacleto', 'Epidemologista');
insert into medico values (39, 'Dr Bartolonildo', 'Epidemologista');
insert into medico values (40, 'Dr Cinco Gê', 'Epidemologista');
insert into medico values (41, 'Dr Miguel Rato', 'Epidemologista');
insert into medico values (42, 'Dr Pestana', 'Epidemologista');
insert into medico values (43, 'Dra Umbridge', 'Epidemologista');
insert into medico values (44, 'Dra Denna', 'Epidemologista');
insert into medico values (45, 'Dra Sonsa Estarque', 'Epidemologista');
insert into medico values (46, 'Dra Luísa de Camões', 'Epidemologista');
insert into medico values (47, 'Dra Maria João Abreu', 'Epidemologista');
insert into medico values (48, 'Dr José Mediano', 'Dentista');


/* Consulta */
/* Lisboa */
insert into consulta values (1, 1, '2020-11-17', 'Hospital da Luz');
insert into consulta values (1, 4, '2020-11-24', 'Hospital da Luz');
insert into consulta values (1, 3, '2020-10-14', 'Hospital da Luz');
insert into consulta values (1, 2, '2020-11-18', 'Hospital da Luz');
insert into consulta values (1, 2, '2019-01-02', 'CUF Belém');
insert into consulta values (1, 1, '2019-02-07', 'CUF Belém');
insert into consulta values (1, 1, '2019-04-08', 'CUF Belém');
insert into consulta values (1, 5, '2020-10-23', 'Hospital da Luz');
insert into consulta values (2, 2, '2020-11-17', 'Lusíadas');
insert into consulta values (2, 3, '2020-11-11', 'Lusíadas');
insert into consulta values (2, 1, '2019-01-01', 'Santa Maria');
insert into consulta values (2, 3, '2020-05-14', 'Santa Maria');

/* Águeda */
insert into consulta values (3, 6, '2020-11-23', 'Clinague');
insert into consulta values (3, 7, '2020-11-23', 'Clinague');
insert into consulta values (3, 6, '2020-11-25', 'Clinague');
insert into consulta values (3, 6, '2019-04-16', 'Clinague');
insert into consulta values (3, 7, '2019-04-18', 'Clinague');

/* Porto */
insert into consulta values (4, 8, '2020-11-26', 'São João');
insert into consulta values (4, 10, '2019-04-17', 'São João');
insert into consulta values (4, 10, '2019-10-22', 'São João');
insert into consulta values (4, 10, '2019-04-09', 'São João');
insert into consulta values (5, 9, '2020-11-27', 'Centro Hospitalar Universitário');
insert into consulta values (5, 10, '2020-11-27', 'Centro Hospitalar Universitário');
insert into consulta values (5, 10, '2020-11-30', 'Centro Hospitalar Universitário');
insert into consulta values (5, 11, '2020-11-30', 'Centro Hospitalar Universitário');
insert into consulta values (6, 10, '2020-11-27', 'CUF Porto');
insert into consulta values (6, 11, '2019-03-12', 'CUF Porto');

/* Santa Maria da Feira */
insert into consulta values (7, 13, '2020-12-01', 'USF Santa Maria da Feira');
insert into consulta values (8, 12, '2019-03-12', 'USF Santa Maria da Feira');
insert into consulta values (8, 13, '2020-12-07', 'USF Santa Maria da Feira');

/* Amadora */
insert into consulta values (9, 16, '2020-12-02', 'Amadora-Sintra');
insert into consulta values (9, 14, '2020-12-03', 'Amadora-Sintra');
insert into consulta values (9, 15, '2020-12-01', 'Amadora-Sintra');
insert into consulta values (10, 16, '2019-04-16', 'Amadora-Sintra');
insert into consulta values (10, 14, '2020-04-01', 'Amadora-Sintra');
insert into consulta values (11, 15, '2020-12-02', 'Amadora-Sintra');
insert into consulta values (11, 15, '2020-12-08', 'Amadora-Sintra');
insert into consulta values (11, 16, '2019-04-18', 'Amadora-Sintra');

/* Oeiras */
insert into consulta values (12, 17, '2019-05-15', 'CUF Nova SBE');
insert into consulta values (13, 18, '2019-05-15', 'CUF Nova SBE');
insert into consulta values (13, 17, '2020-12-03', 'CUF Nova SBE');
insert into consulta values (13, 17, '2020-12-10', 'CUF Nova SBE');

/* Almada */
insert into consulta values (14, 20, '2020-12-04', 'Garcia da Horta');
insert into consulta values (15, 19, '2020-12-04', 'Garcia da Horta');
insert into consulta values (16, 19, '2020-12-07', 'Garcia da Horta');
insert into consulta values (16, 18, '2020-12-07', 'Garcia da Horta');
insert into consulta values (17, 18, '2020-12-08', 'Garcia da Horta');

/* Torres Vedras */
insert into consulta values (18, 21, '2020-12-23', 'Hospital de Torres Vedras');
insert into consulta values (18, 22, '2019-06-11', 'Hospital de Torres Vedras');
insert into consulta values (19, 24, '2020-10-14', 'Hospital de Torres Vedras');
insert into consulta values (20, 21, '2020-12-17', 'Hospital de Torres Vedras');
insert into consulta values (21, 21, '2019-06-26', 'Hospital de Torres Vedras');
insert into consulta values (21, 21, '2019-04-10', 'Hospital de Torres Vedras');
insert into consulta values (22, 24, '2019-06-20', 'Hospital de Torres Vedras');
insert into consulta values (22, 23, '2020-12-18', 'Hospital de Torres Vedras');
insert into consulta values (22, 22, '2021-01-05', 'Hospital de Torres Vedras');

/* Aveiro */
insert into consulta values (23, 25, '2020-12-07', 'Centro Hospitalar Baixo Vouga');
insert into consulta values (24, 25, '2020-12-08', 'Centro Hospitalar Baixo Vouga');
insert into consulta values (24, 26, '2020-12-09', 'Centro Hospitalar Baixo Vouga');
insert into consulta values (25, 27, '2020-12-10', 'Centro Hospitalar Baixo Vouga');
insert into consulta values (26, 28, '2020-12-11', 'Centro Hospitalar Baixo Vouga');
insert into consulta values (27, 26, '2020-12-07', 'Centro Hospitalar Baixo Vouga');
insert into consulta values (27, 27, '2020-12-08', 'Centro Hospitalar Baixo Vouga');

/* Beja */
insert into consulta values (28, 28, '2020-12-01', 'Hospital José Joaquim Fernandes');
insert into consulta values (29, 31, '2020-12-02', 'Hospital José Joaquim Fernandes');
insert into consulta values (30, 31, '2020-12-15', 'Hospital José Joaquim Fernandes');
insert into consulta values (30, 29, '2020-12-16', 'Hospital José Joaquim Fernandes');
insert into consulta values (31, 30, '2021-01-01', 'Hospital José Joaquim Fernandes');
insert into consulta values (32, 30, '2021-01-04', 'Hospital José Joaquim Fernandes');

/* Portalegre */
insert into consulta values (33, 32, '2019-01-01', 'Clínica Santa Beatriz');
insert into consulta values (33, 32, '2019-06-21', 'Clínica Santa Beatriz');
insert into consulta values (33, 32, '2020-11-18', 'Clínica Santa Beatriz');
insert into consulta values (33, 32, '2020-12-18', 'Clínica Santa Beatriz');
insert into consulta values (34, 32, '2021-01-18', 'Clínica Santa Beatriz');

/* Portimão */
insert into consulta values (35, 33, '2019-10-30', 'Hospital de Portimão');
insert into consulta values (35, 34, '2019-10-30', 'Hospital de Portimão');
insert into consulta values (35, 33, '2020-11-30', 'Hospital de Portimão');
insert into consulta values (35, 34, '2020-12-14', 'Hospital de Portimão');
insert into consulta values (35, 34, '2020-12-15', 'Hospital de Portimão');
insert into consulta values (35, 34, '2020-12-16', 'Hospital de Portimão');
insert into consulta values (35, 34, '2020-12-17', 'Hospital de Portimão');
insert into consulta values (35, 34, '2020-12-18', 'Hospital de Portimão');

/* Faro */
insert into consulta values (36, 35, '2020-12-02', 'Joaquim Chaves Saúde');
insert into consulta values (36, 36, '2020-12-02', 'Joaquim Chaves Saúde');
insert into consulta values (36, 38, '2020-12-02', 'Joaquim Chaves Saúde');
insert into consulta values (36, 37, '2020-12-03', 'Joaquim Chaves Saúde');
insert into consulta values (36, 36, '2020-12-10', 'Joaquim Chaves Saúde');
insert into consulta values (37, 35, '2019-12-03', 'Joaquim Chaves Saúde');
insert into consulta values (37, 35, '2019-12-12', 'Joaquim Chaves Saúde');
insert into consulta values (37, 37, '2020-12-04', 'Joaquim Chaves Saúde');
insert into consulta values (37, 35, '2019-05-17', 'Joaquim Chaves Saúde');
insert into consulta values (37, 35, '2020-12-03', 'Joaquim Chaves Saúde');
insert into consulta values (37, 37, '2020-12-07', 'Joaquim Chaves Saúde');
insert into consulta values (37, 35, '2020-12-11', 'Joaquim Chaves Saúde');
insert into consulta values (37, 35, '2020-12-17', 'Joaquim Chaves Saúde');
insert into consulta values (37, 37, '2020-12-08', 'Joaquim Chaves Saúde');

/* Arouca */
insert into consulta values (38, 38, '2020-12-01', 'Centro Médico de Arouca');
insert into consulta values (38, 39, '2020-12-01', 'Centro Médico de Arouca');
insert into consulta values (38, 40, '2020-12-01', 'Centro Médico de Arouca');
insert into consulta values (38, 40, '2020-12-03', 'Centro Médico de Arouca');
insert into consulta values (39, 39, '2020-12-10', 'Centro Médico de Arouca');
insert into consulta values (39, 41, '2020-12-01', 'Centro Médico de Arouca');
insert into consulta values (39, 41, '2020-12-14', 'Centro Médico de Arouca');
insert into consulta values (39, 42, '2020-12-01', 'Centro Médico de Arouca');
insert into consulta values (39, 44, '2020-12-01', 'Centro Médico de Arouca');
insert into consulta values (40, 39, '2020-12-17', 'Centro Médico de Arouca');
insert into consulta values (40, 40, '2020-12-04', 'Centro Médico de Arouca');
insert into consulta values (41, 39, '2020-12-07', 'Centro Médico de Arouca');
insert into consulta values (41, 41, '2020-12-11', 'Centro Médico de Arouca');
insert into consulta values (41, 38, '2020-12-08', 'Centro Médico de Arouca');
insert into consulta values (41, 38, '2020-12-17', 'Centro Médico de Arouca');
insert into consulta values (42, 46, '2020-12-01', 'Centro Médico de Arouca');
insert into consulta values (42, 47, '2020-12-01', 'Centro Médico de Arouca');
insert into consulta values (43, 39, '2020-12-11', 'Centro Médico de Arouca');
insert into consulta values (43, 46, '2020-12-17', 'Centro Médico de Arouca');
insert into consulta values (43, 46, '2020-12-08', 'Centro Médico de Arouca');
insert into consulta values (44, 42, '2020-12-07', 'Centro Médico de Arouca');
insert into consulta values (44, 43, '2020-12-01', 'Centro Médico de Arouca');
insert into consulta values (45, 45, '2020-01-01', 'Centro Médico de Arouca');
insert into consulta values (45, 45, '2020-03-02', 'Centro Médico de Arouca');
insert into consulta values (45, 45, '2020-06-01', 'Centro Médico de Arouca');
insert into consulta values (45, 45, '2020-09-01', 'Centro Médico de Arouca');
insert into consulta values (45, 45, '2020-12-01', 'Centro Médico de Arouca');
insert into consulta values (46, 38, '2020-12-15', 'Centro Médico de Arouca');
insert into consulta values (46, 39, '2020-12-14', 'Centro Médico de Arouca');
insert into consulta values (47, 41, '2020-12-10', 'Centro Médico de Arouca');
insert into consulta values (47, 41, '2020-12-17', 'Centro Médico de Arouca');
insert into consulta values (47, 47, '2020-12-02', 'Centro Médico de Arouca');
insert into consulta values (48, 45, '2020-12-02', 'Arouca Sorridente');
insert into consulta values (48, 45, '2020-12-03', 'Arouca Sorridente');


/* Prescricao */
/* Lisboa */
insert into prescricao values (1, 1, '2020-11-17', 'Bacitracina', 500);
insert into prescricao values (1, 1, '2020-11-17', 'Betadine', 350);
insert into prescricao values (1, 3, '2020-10-14', 'Bepanthene', 50);
insert into prescricao values (1, 4, '2020-11-24', 'Bacitracina', 500);
insert into prescricao values (1, 4, '2020-11-24', 'Betadine', 350);
insert into prescricao values (1, 4, '2020-11-24', 'Bepanthene', 50);
insert into prescricao values (1, 2, '2020-11-18', 'Bacitracina', 500);
insert into prescricao values (1, 2, '2020-11-18', 'Betadine', 350);
insert into prescricao values (1, 1, '2019-02-07', 'Canespor', 200);
insert into prescricao values (1, 5, '2020-10-23', 'Canespor', 250);
insert into prescricao values (1, 5, '2020-10-23', 'Canester', 150);
insert into prescricao values (1, 5, '2020-10-23', 'Colagénio', 750);
insert into prescricao values (1, 1, '2019-04-08', 'Betadine', 350);
insert into prescricao values (2, 2, '2020-11-17', 'Moxifloxacina', 5);
insert into prescricao values (2, 3, '2020-11-11', 'Dexametasona', 10);
insert into prescricao values (2, 1, '2019-01-01', 'Bromofenac', 3);
insert into prescricao values (2, 3, '2020-05-14', 'Dexametasona', 5);

/* Águeda */
insert into prescricao values (3, 6, '2020-11-23', 'Blaubimax', 50);
insert into prescricao values (3, 6, '2020-11-23', 'Clexane', 10);
insert into prescricao values (3, 7, '2020-11-23', 'Enoxalow', 40);
insert into prescricao values (3, 6, '2020-11-25', 'Eprex', 1);
insert into prescricao values (3, 6, '2020-11-25', 'Hemax', 2);
insert into prescricao values (3, 7, '2019-04-18', 'Clexane', 10);

/* Porto */
insert into prescricao values (4, 8, '2020-11-26', 'Brufen', 1000);
insert into prescricao values (4, 10, '2019-04-17', 'Brufen', 1000);
insert into prescricao values (4, 10, '2019-04-09', 'Brufen', 1000);
insert into prescricao values (4, 10, '2019-10-22', 'Brufen', 1000);
insert into prescricao values (5, 9, '2020-11-27', 'Brufen', 1000);
insert into prescricao values (5, 10, '2020-11-27', 'Brufen', 1000);
insert into prescricao values (5, 10, '2020-11-30', 'Brufen', 1000);
insert into prescricao values (5, 11, '2020-11-30', 'Brufen', 1000);
insert into prescricao values (6, 10, '2020-11-27', 'Brufen', 1000);
insert into prescricao values (6, 11, '2019-03-12', 'Brufen', 1000);

/* Santa Maria da Feira */
insert into prescricao values (7, 13, '2020-12-01', 'Prozac', 20);
insert into prescricao values (7, 13, '2020-12-01', 'Xanax', 1);
insert into prescricao values (7, 13, '2020-12-01', 'OxyContin', 20);
insert into prescricao values (7, 13, '2020-12-01', 'Ácido Lisérgico', 10);
insert into prescricao values (8, 13, '2020-12-07', 'Paracetamol', 500);

/* Amadora */
insert into prescricao values (9, 16, '2020-12-02', 'Morfina', 350);
insert into prescricao values (9, 14, '2020-12-03', 'Ben-U-Ron', 1000);
insert into prescricao values (9, 15, '2020-12-01', 'Zaldiar', 250);
insert into prescricao values (9, 15, '2020-12-01', 'Paracetamol', 1000);
insert into prescricao values (10, 16, '2019-04-16', 'Valium', 150);
insert into prescricao values (10, 14, '2020-04-01', 'Valium', 150);
insert into prescricao values (10, 14, '2020-04-01', 'Concevit', 350);
insert into prescricao values (11, 15, '2020-12-02', 'Morfina', 500);
insert into prescricao values (11, 15, '2020-12-08', 'Morfina', 500);
insert into prescricao values (11, 16, '2019-04-18', 'Morfina', 500);

/* Oeiras */
insert into prescricao values (13, 18, '2019-05-15', 'Testosterona', 50);
insert into prescricao values (13, 17, '2020-12-03', 'Testosterona', 50);
insert into prescricao values (13, 17, '2020-12-10', 'Testosterona', 50);
insert into prescricao values (13, 17, '2020-12-10', 'Trenbolona', 50);

/* Almada */
insert into prescricao values (14, 20, '2020-12-04', 'Morfina', 350);
insert into prescricao values (14, 20, '2020-12-04', 'Angelicalm', 500);
insert into prescricao values (16, 19, '2020-12-07', 'Aspartame', 1000);
insert into prescricao values (16, 18, '2020-12-07', 'Aspartame', 1000);
insert into prescricao values (17, 18, '2020-12-08', 'PROZIS Whey', 1000);

/* Torres Vedras */
insert into prescricao values (18, 21, '2020-12-23', 'Lactobacilius', 500);
insert into prescricao values (18, 22, '2019-06-11', 'Lactobacilius', 500);
insert into prescricao values (19, 24, '2020-10-14', 'Lactobacilius', 500);
insert into prescricao values (20, 21, '2020-12-17', 'Lactobacilius', 500);
insert into prescricao values (21, 21, '2019-06-26', 'Lactobacilius', 500);
insert into prescricao values (21, 21, '2019-04-10', 'Lactobacilius', 500);
insert into prescricao values (22, 24, '2019-06-20', 'Lactobacilius', 500);
insert into prescricao values (22, 23, '2020-12-18', 'Lactobacilius', 500);
insert into prescricao values (22, 22, '2021-01-05', 'Lactobacilius', 500);

/* Aveiro */
insert into prescricao values (23, 25, '2020-12-07', 'ImagreceSlim', 100);
insert into prescricao values (24, 25, '2020-12-08', 'O2breathe', 125);
insert into prescricao values (24, 26, '2020-12-09', 'O2breathe', 100);
insert into prescricao values (25, 27, '2020-12-10', 'Besilesomab', 150);
insert into prescricao values (26, 28, '2020-12-11', 'Vitamina D', 7);
insert into prescricao values (27, 26, '2020-12-07', 'BreatheFree', 500);
insert into prescricao values (27, 27, '2020-12-08', 'O2breathe', 500);

/* Beja */
insert into prescricao values (28, 28, '2020-12-01', 'Metamizol', 5);
insert into prescricao values (30, 31, '2020-12-15', 'Analgésico', 60);
insert into prescricao values (30, 29, '2020-12-16', 'Analgésico', 60);
insert into prescricao values (31, 30, '2021-01-01', 'Morfina', 1000);
insert into prescricao values (32, 30, '2021-01-04', 'Dexametasona', 5);

/* Portalegre */
insert into prescricao values (33, 32, '2019-01-01', 'Maxilase', 90);
insert into prescricao values (33, 32, '2019-06-21', 'Maxilase', 90);
insert into prescricao values (33, 32, '2020-11-18', 'Maxilase', 90);
insert into prescricao values (33, 32, '2020-12-18', 'Maxilase', 90);
insert into prescricao values (34, 32, '2021-01-18', 'Buspirona', 55);

/* Portimão */
insert into prescricao values (35, 33, '2019-10-30', 'Maxilase', 65);
insert into prescricao values (35, 34, '2019-10-30', 'Morfina', 80);
insert into prescricao values (35, 33, '2020-11-30', 'Paracetamol', 400);
insert into prescricao values (35, 34, '2020-12-14', 'Maxilase', 80);
insert into prescricao values (35, 34, '2020-12-15', 'Maxilase', 65);
insert into prescricao values (35, 34, '2020-12-16', 'Paracetamol', 400);
insert into prescricao values (35, 34, '2020-12-17', 'Morfina', 80);
insert into prescricao values (35, 34, '2020-12-18', 'Paracetamol', 400);

/* Faro */
insert into prescricao values (36, 35, '2020-12-02', 'Zithromax', 50);
insert into prescricao values (36, 36, '2020-12-02', 'Amoxil', 75);
insert into prescricao values (36, 38, '2020-12-02', 'Levaquin', 40);
insert into prescricao values (36, 37, '2020-12-03', 'Tamiflu', 125);
insert into prescricao values (36, 36, '2020-12-10', 'Amoxil', 75);
insert into prescricao values (36, 36, '2020-12-10', 'Tamiflu', 25);
insert into prescricao values (37, 35, '2019-12-03', 'Prozac', 200);
insert into prescricao values (37, 35, '2019-12-12', 'Prozac', 200);
insert into prescricao values (37, 37, '2020-12-04', 'Prozac', 300);
insert into prescricao values (37, 35, '2019-05-17', 'Prozac', 200);
insert into prescricao values (37, 35, '2020-12-03', 'Prozac', 200);
insert into prescricao values (37, 37, '2020-12-07', 'Prozac', 200);
insert into prescricao values (37, 35, '2020-12-11', 'Prozac', 500);
insert into prescricao values (37, 35, '2020-12-17', 'Prozac', 200);
insert into prescricao values (37, 37, '2020-12-08', 'Prozac', 200);

/* Arouca */
insert into prescricao values (38, 38, '2020-12-01', 'Aspirina', 100);
insert into prescricao values (38, 39, '2020-12-01', 'Aspirina', 100);
insert into prescricao values (38, 40, '2020-12-01', 'Aspirina', 100);
insert into prescricao values (38, 40, '2020-12-03', 'Aspirina', 100);
insert into prescricao values (39, 39, '2020-12-10', 'Aspirina', 100);
insert into prescricao values (39, 39, '2020-12-10', 'Fenitoína', 75);
insert into prescricao values (39, 41, '2020-12-01', 'Aspirina', 100);
insert into prescricao values (39, 41, '2020-12-14', 'Aspirina', 100);
insert into prescricao values (39, 42, '2020-12-01', 'Aspirina', 100);
insert into prescricao values (39, 44, '2020-12-01', 'Aspirina', 700);
insert into prescricao values (39, 44, '2020-12-01', 'Analstésico', 50);
insert into prescricao values (40, 39, '2020-12-17', 'Aspirina', 100);
insert into prescricao values (40, 40, '2020-12-04', 'Aspirina', 100);
insert into prescricao values (41, 39, '2020-12-07', 'Aspirina', 100);
insert into prescricao values (41, 41, '2020-12-11', 'Aspirina', 100);
insert into prescricao values (41, 38, '2020-12-08', 'Aspirina', 100);
insert into prescricao values (41, 38, '2020-12-08', 'Fenobarbital', 62);
insert into prescricao values (41, 38, '2020-12-17', 'Aspirina', 100);
insert into prescricao values (42, 46, '2020-12-01', 'Aspirina', 100);
insert into prescricao values (42, 47, '2020-12-01', 'Aspirina', 100);
insert into prescricao values (43, 39, '2020-12-11', 'Aspirina', 100);
insert into prescricao values (43, 39, '2020-12-11', 'Carbamazepina', 150);
insert into prescricao values (43, 46, '2020-12-17', 'Aspirina', 100);
insert into prescricao values (43, 46, '2020-12-17', 'Fenitoína', 60);
insert into prescricao values (43, 46, '2020-12-08', 'Aspirina', 100);
insert into prescricao values (44, 42, '2020-12-07', 'Aspirina', 700);
insert into prescricao values (44, 42, '2020-12-07', 'Analstésico', 50);
insert into prescricao values (44, 43, '2020-12-01', 'Aspirina', 700);
insert into prescricao values (44, 43, '2020-12-01', 'Analstésico', 50);
insert into prescricao values (45, 45, '2020-01-01', 'Aspirina', 100);
insert into prescricao values (45, 45, '2020-03-02', 'Aspirina', 100);
insert into prescricao values (45, 45, '2020-06-01', 'Aspirina', 100);
insert into prescricao values (45, 45, '2020-09-01', 'Aspirina', 100);
insert into prescricao values (45, 45, '2020-12-01', 'Aspirina', 100);
insert into prescricao values (46, 38, '2020-12-15', 'Aspirina', 100);
insert into prescricao values (46, 38, '2020-12-15', 'Brufen', 1000);
insert into prescricao values (46, 38, '2020-12-15', 'Fenobarbital', 90);
insert into prescricao values (46, 39, '2020-12-14', 'Aspirina', 100);
insert into prescricao values (47, 41, '2020-12-10', 'Aspirina', 100);
insert into prescricao values (47, 41, '2020-12-17', 'Aspirina', 100);
insert into prescricao values (47, 47, '2020-12-02', 'Aspirina', 700);
insert into prescricao values (47, 47, '2020-12-02', 'Analstésico', 50);
insert into prescricao values (48, 45, '2020-12-02', 'Codeína', 15);
insert into prescricao values (48, 45, '2020-12-03', 'Buspirona', 20);
insert into prescricao values (48, 45, '2020-12-03', 'Levomepromazina', 13);


/* Analise */
/* Lisboa */
insert into analise values (1, 'Dermatologia', 1, 1, '2020-11-17', '2020-11-17', 'Oncologia Cutânea (s/n)', 1, 'Hospital da Luz');
insert into analise values (2, 'Hematologia', null, null, null, '2020-11-25', 'Leucócitos (por mm3)', 6845, 'Laboratório Lisboa');
insert into analise values (3, 'Dermatologia', 1, 3, '2020-10-14', '2020-10-14', 'Oncologia Cutânea (s/n)', 0, 'Hospital da Luz');
insert into analise values (4, 'Medicina Geral', null, null, null, '2020-11-23', 'Glicémia (mg/dL)', 103, 'Hospital da Luz');
insert into analise values (5, 'Dermatologia', 1, 2, '2019-01-02', '2019-01-03', 'Oncologia Cutânea (s/n)', 0, 'CUF Belém');
insert into analise values (6, 'Dermatologia', 1, 1, '2019-02-07', '2019-02-07', 'Oncologia Cutânea (s/n)', 1, 'CUF Belém');
insert into analise values (7, 'Dermatologia', 1, 5, '2020-10-23', '2020-10-24', 'Oncologia Cutânea (s/n)', 1, 'Hospital da Luz');
insert into analise values (8, 'Oftalmologia', 2, 2, '2020-11-17', '2020-11-17', 'Miopia (mm)', 13, 'Laboratório Lisboa');
insert into analise values (9, 'Oftalmologia', 2, 3, '2020-11-11', '2020-11-11', 'Cataratas (s/n)', 1, 'Laboratório Lisboa');
insert into analise values (10, 'Medicina Geral', null, null, null, '2020-11-25', 'Glicémia (mg/dL)', 119, 'Laboratório Lisboa');
insert into analise values (11, 'Medicina Geral', null, null, null, '2020-11-24', 'Glicémia (mg/dL)', 97, 'Laboratório Lisboa');
insert into analise values (12, 'Medicina Geral', null, null, null, '2020-11-24', 'Glicémia (mg/dL)', 112, 'CUF Belém');

/* Águeda */
insert into analise values (13, 'Hematologia', 3, 6, '2020-11-23', '2020-11-14', 'Leucócitos (por mm3)', 6572, 'Dr Joaquim Chaves');
insert into analise values (14, 'Hematologia', 3, 7, '2020-11-23', '2020-11-23', 'Hemácias (por mm3)', 5605, 'Dr Joaquim Chaves');
insert into analise values (15, 'Hematologia', 3, 6, '2019-04-16', '2019-04-16', 'Hemácias (por mm3)', 6743, 'Dr Joaquim Chaves');
insert into analise values (16, 'Hematologia', 3, 7, '2019-04-18', '2019-04-18', 'Leucócitos (por mm3)', 6457, 'Dr Joaquim Chaves');
insert into analise values (17, 'Medicina Geral', null, null, null, '2020-11-27', 'Glicémia (mg/dL)', 123, 'Dr Joaquim Chaves');
insert into analise values (18, 'Medicina Geral', null, null, null, '2020-11-27', 'Glicémia (mg/dL)', 86, 'Dr Joaquim Chaves');

/* Porto */
insert into analise values (19, 'Neurologia', 4, 8, '2020-11-26', '2020-11-26', 'Teste Parental (s/n)', 0, 'São João');
insert into analise values (20, 'Neurologia', 4, 10, '2019-04-17', '2019-04-18', 'Teste Parental (s/n)', 1,  'São João');
insert into analise values (21, 'Neurologia', 4, 10, '2019-10-22', '2019-10-22', 'Teste Parental (s/n)', 0,  'São João');
insert into analise values (22, 'Pediatria', 5, 9, '2020-11-27', '2020-11-27', 'Teste do Pezinho (s/n)', 0, 'Centro Hospitalar Universitário');
insert into analise values (23, 'Pediatria', 5, 10, '2020-11-27', '2020-11-27', 'Teste do Pezinho (s/n)', 0,  'Centro Hospitalar Universitário');
insert into analise values (24, 'Pediatria', 5, 10, '2020-11-30', '2020-12-01', 'Teste do Pezinho (s/n)', 0,  'Centro Hospitalar Universitário');
insert into analise values (25, 'Pediatria', 5, 11, '2020-11-30', '2020-11-30', 'Teste do Pezinho (s/n)', 0,  'Centro Hospitalar Universitário');
insert into analise values (26, 'Radiologia', 6, 10, '2020-11-27', '2020-11-27', 'Densidade Óssea', 0,  'CUF Porto');
insert into analise values (27, 'Radiologia', 6, 11, '2019-03-12', '2019-03-12', 'Densidade Óssea', 1,  'CUF Porto');
insert into analise values (28, 'Medicina Geral', null, null, null, '2020-11-27', 'Glicémia (mg/dL)', 113, 'Laboratório Porto');
insert into analise values (29, 'Medicina Geral', null, null, null, '2020-11-28', 'Glicémia (mg/dL)', 101, 'Laboratório Porto');
insert into analise values (30, 'Medicina Geral', null, null, null, '2020-11-28', 'Glicémia (mg/dL)', 99, 'Laboratório Porto');
insert into analise values (31, 'Medicina Geral', null, null, null, '2020-11-30', 'Glicémia (mg/dL)', 114, 'CUF Porto');

/* Santa Maria da Feira */
insert into analise values (32, 'Medicina Geral', null, null, null, '2020-11-27', 'Glicémia (mg/dL)', 91, 'USF Santa Maria da Feira');
insert into analise values (33, 'Medicina Geral', null, null, null, '2020-11-27', 'Glicémia (mg/dL)', 92, 'USF Santa Maria da Feira');
insert into analise values (34, 'Medicina Geral', null, null, null, '2020-11-27', 'Glicémia (mg/dL)', 93, 'USF Santa Maria da Feira');
insert into analise values (35, 'Medicina Geral', null, null, null, '2020-11-27', 'Glicémia (mg/dL)', 94, 'USF Santa Maria da Feira');

/* Oeiras */
insert into analise values (36, 'Ecografia', 12, 17, '2019-05-15', '2019-05-15', 'Ecografia (s/n)', 1, 'CUF Nova SBE');
insert into analise values (37, 'Medicina Física e Reabilitação', 13, 18, '2019-05-15', '2019-05-16', 'Níveis de Oxigénio (%)', 76, 'CUF Nova SBE');
insert into analise values (38, 'Medicina Física e Reabilitação', 13, 17, '2020-12-03', '2020-12-03', 'Níveis de Oxigénio (%)', 85, 'CUF Nova SBE');
insert into analise values (39, 'Medicina Física e Reabilitação', 13, 17, '2020-12-10', '2020-12-11', 'Níveis de Oxigénio (%)', 66, 'CUF Nova SBE');

/* Almada */
insert into analise values (40, 'Toxicologia', 15, 19, '2020-12-04', '2020-12-05', 'Etilómetro (g/l)', 1, 'Garcia da Horta');
insert into analise values (41, 'Ginecologia', 16, 19, '2020-12-07', '2020-12-07', 'Colposcopia (s/n)', 1, 'Garcia da Horta');
insert into analise values (42, 'Ginecologia', 16, 18, '2020-12-07', '2020-12-07', 'Colposcopia (s/n)', 0, 'Garcia da Horta');
insert into analise values (43, 'Nutrição', 17, 18, '2020-12-08', '2020-12-09', 'Gordura Corporal (%)', 12, 'Garcia da Horta');
insert into analise values (44, 'Medicina Geral', null, null, null, '2020-12-02', 'Glicémia (mg/dL)', 121, 'Garcia da Horta');

/* Aveiro */
insert into analise values (45, 'Medicina Desportiva', 23, 25, '2020-12-07', '2020-12-07', 'Níveis de Oxigénio (%)', 82, 'Centro Hospitalar Baixo Vouga');
insert into analise values (46, 'Medicina Geral', null, null, null, '2020-12-02', 'Glicémia (mg/dL)', 88, 'Centro Hospitalar Baixo Vouga');
insert into analise values (47, 'Medicina Geral', null, null, null, '2020-12-02', 'Glicémia (mg/dL)', 104, 'Centro Hospitalar Baixo Vouga');

/* Beja */
insert into analise values (48, 'Ginecologia', 28, 28, '2020-12-01', '2020-12-01', 'Colposcopia (s/n)', 0, 'Hospital José Joaquim Fernandes');
insert into analise values (49, 'Medicina Geral', null, null, null, '2020-12-02', 'Glicémia (mg/dL)', 89, 'Hospital José Joaquim Fernandes');

/* Portalegre */
insert into analise values (50, 'Medicina Geral', null, null, null, '2020-12-11', 'Glicémia (mg/dL)', 93, 'Laboratório Amaia');
insert into analise values (51, 'Medicina Geral', null, null, null, '2020-12-09', 'Glicémia (mg/dL)', 113, 'Laboratório Amaia');
insert into analise values (52, 'Medicina Geral', null, null, null, '2020-12-07', 'Glicémia (mg/dL)', 104, 'Laboratório Amaia');

/* Portimão */
insert into analise values (53, 'Pediatria', 35, 33, '2019-10-30', '2019-10-30', 'Teste do Pezinho (s/n)', 0, 'Hospital de Portimão');
insert into analise values (54, 'Pediatria', 35, 34, '2019-10-30', '2019-10-30', 'Teste do Pezinho (s/n)', 0, 'Hospital de Portimão');
insert into analise values (55, 'Pediatria', 35, 33, '2020-11-30', '2020-11-30', 'Teste do Pezinho (s/n)', 1, 'Hospital de Portimão');
insert into analise values (56, 'Pediatria', 35, 34, '2020-12-14', '2020-12-14', 'Teste do Pezinho (s/n)', 0, 'Hospital de Portimão');
insert into analise values (57, 'Medicina Geral', null, null, null, '2020-12-02', 'Glicémia (mg/dL)', 108, 'Hospital de Portimão');
insert into analise values (58, 'Medicina Geral', null, null, null, '2020-12-02', 'Glicémia (mg/dL)', 110, 'Hospital de Portimão');
insert into analise values (59, 'Medicina Geral', null, null, null, '2020-12-02', 'Glicémia (mg/dL)', 109, 'Hospital de Portimão');

/* Faro */
insert into analise values (60, 'Penumologia', 36, 35, '2020-12-02', '2020-12-02', 'Níveis de Oxigénio (%)', 82, 'Joaquim Chaves Saúde');
insert into analise values (61, 'Penumologia', 36, 36, '2020-12-02', '2020-12-03', 'Níveis de Oxigénio (%)', 83, 'Joaquim Chaves Saúde');
insert into analise values (62, 'Penumologia', 36, 38, '2020-12-02', '2020-12-02', 'Níveis de Oxigénio (%)', 72, 'Joaquim Chaves Saúde');
insert into analise values (63, 'Penumologia', 36, 37, '2020-12-03', '2020-12-04', 'Níveis de Oxigénio (%)', 76, 'Joaquim Chaves Saúde');
insert into analise values (64, 'Medicina Geral', null, null, null, '2020-12-02', 'Glicémia (mg/dL)', 100, 'Joaquim Chaves Saúde');

/* Arouca */
insert into analise values (65, 'Medicina Geral', null, null, null, '2020-12-11', 'Glicémia (mg/dL)', 99, 'Centro Médico de Arouca');


/* Venda Farmacia */
/* Arouca */
insert into venda_farmacia values (1, '2020-12-01', 'Aspirina', 100, 25, 'Farmácia Brandão Alves');
insert into venda_farmacia values (2, '2020-12-01', 'Aspirina', 100, 25, 'Farmácia Gomes de Pinho');
insert into venda_farmacia values (3, '2020-12-03', 'Aspirina', 100, 25, 'Farmácia Santo António');
insert into venda_farmacia values (4, '2020-12-10', 'Aspirina', 100, 25, 'Farmácia Cabral Brandão');
insert into venda_farmacia values (5, '2020-12-05', 'Aspirina', 100, 25, 'Farmácia Gomes de Pinho');
insert into venda_farmacia values (6, '2020-12-06', 'Aspirina', 100, 25, 'Farmácia Central');
insert into venda_farmacia values (7, '2020-12-09', 'Aspirina', 100, 25, 'Farmácia Brandão Alves');
insert into venda_farmacia values (8, '2020-12-11', 'Aspirina', 100, 25, 'Farmácia Santo António');
insert into venda_farmacia values (9, '2020-12-17', 'Aspirina', 100, 25, 'Farmácia Central');
insert into venda_farmacia values (10, '2020-12-04', 'Aspirina', 100, 25, 'Farmácia Gomes de Pinho');
insert into venda_farmacia values (11, '2020-12-15', 'Aspirina', 100, 25, 'Farmácia Santo António');
insert into venda_farmacia values (12, '2020-12-08', 'Aspirina', 100, 25, 'Farmácia Central');
insert into venda_farmacia values (151, '2020-12-11', 'Fenitoína', 75, 25, 'Farmácia Cabral Brandão');
insert into venda_farmacia values (152, '2020-12-15', 'Aspirina', 100, 25, 'Farmácia Cabral Brandão');

/* Lisboa */
insert into venda_farmacia values (13, '2020-11-25', 'Bacitracina', 500, 25, 'Farmácia Ronil');
insert into venda_farmacia values (14, '2020-10-28', 'Canespor', 250, 25, 'Farmácia Largo do Rato');
insert into venda_farmacia values (15, '2019-01-08', 'Bromofenac', 3, 25, 'Farmácia Ronil');
insert into venda_farmacia values (16, '2019-11-30', 'Brufen', 1000, 10, 'Farmácia Largo do Rato');
insert into venda_farmacia values (17, '2020-11-30', 'Aspirina', 100, 5, 'Farmácia Largo do Rato');
insert into venda_farmacia values (18, '2010-11-30', 'Paracetamol', 1000, 15, 'Farmácia Ronil');
insert into venda_farmacia values (19, '2019-11-30', 'Aspirina', 100, 25, 'Farmácia Largo do Rato');
insert into venda_farmacia values (20, '2020-11-30', 'Aspirina', 100, 25, 'Farmácia Largo do Rato');
insert into venda_farmacia values (21, '2021-11-30', 'Aspirina', 100, 25, 'Farmácia Ronil');
insert into venda_farmacia values (22, '2019-11-30', 'Aspirina', 100, 25, 'Farmácia Ronil');

/* Porto */
insert into venda_farmacia values (23, '2020-11-26', 'Brufen', 1000, 10, 'Farmácia Barreiros');
insert into venda_farmacia values (24, '2020-11-28', 'Brufen', 1000, 10, 'Farmácia Barreiros');
insert into venda_farmacia values (25, '2020-12-01', 'Brufen', 1000, 10, 'Farmácia Barreiros');
insert into venda_farmacia values (26, '2020-11-27', 'Brufen', 1000, 10, 'Farmácia Barreiros');
insert into venda_farmacia values (27, '2020-12-03', 'Brufen', 1000, 10, 'Farmácia Barreiros');
insert into venda_farmacia values (28, '2020-12-07', 'Brufen', 1000, 10, 'Farmácia Barreiros');
insert into venda_farmacia values (29, '2020-11-25', 'Brufen', 1000, 10, 'Farmácia Barreiros');
insert into venda_farmacia values (30, '2020-11-26', 'Brufen', 1000, 10, 'Farmácia Barreiros');
insert into venda_farmacia values (31, '2020-11-27', 'Brufen', 1000, 10, 'Farmácia Barreiros');
insert into venda_farmacia values (32, '2020-11-27', 'Brufen', 1000, 10, 'Farmácia Barreiros');
insert into venda_farmacia values (33, '2020-12-01', 'Brufen', 1000, 10, 'Farmácia Barreiros');
insert into venda_farmacia values (34, '2020-11-29', 'Brufen', 1000, 10, 'Farmácia Barreiros');
insert into venda_farmacia values (35, '2020-11-28', 'Brufen', 1000, 10, 'Farmácia Barreiros');
insert into venda_farmacia values (36, '2020-12-02', 'Brufen', 1000, 10, 'Farmácia Barreiros');
insert into venda_farmacia values (37, '2020-12-02', 'Brufen', 1000, 10, 'Farmácia Barreiros');
insert into venda_farmacia values (38, '2020-12-03', 'Brufen', 1000, 10, 'Farmácia Barreiros');
insert into venda_farmacia values (39, '2020-11-30', 'Brufen', 1000, 10, 'Farmácia Barreiros');
insert into venda_farmacia values (40, '2020-12-05', 'Brufen', 1000, 10, 'Farmácia Barreiros');

/* Santa Maria da Feira */
insert into venda_farmacia values (41, '2020-11-25', 'Prozac', 20, 25, 'Farmácia Lima');
insert into venda_farmacia values (42, '2020-11-25', 'Xanax', 1, 20, 'Farmácia do Cavaco');
insert into venda_farmacia values (43, '2020-11-26', 'Xanax', 1, 20, 'Farmácia Lima');
insert into venda_farmacia values (44, '2020-11-27', 'Paracetamol', 500, 10, 'Farmácia Lima');
insert into venda_farmacia values (45, '2020-11-28', 'Paracetamol', 500, 10, 'Farmácia Lima');
insert into venda_farmacia values (46, '2020-11-28', 'Prozac', 20, 25, 'Farmácia do Cavaco');
insert into venda_farmacia values (47, '2020-12-10', 'Paracetamol', 500, 10, 'Farmácia Lima');
insert into venda_farmacia values (48, '2020-12-01', 'Ácido Lisérgico', 10, 5, 'Farmácia Lima');
insert into venda_farmacia values (49, '2020-12-01', 'Aspirina', 100, 5, 'Farmácia do Cavaco');
insert into venda_farmacia values (50, '2020-12-02', 'Xanax', 1, 20, 'Farmácia do Cavaco');
insert into venda_farmacia values (51, '2020-12-02', 'Paracetamol', 500, 10, 'Farmácia Lima');
insert into venda_farmacia values (52, '2020-12-03', 'Ácido Lisérgico', 10, 5, 'Farmácia do Cavaco');
insert into venda_farmacia values (53, '2020-12-04', 'Ácido Lisérgico', 10, 5, 'Farmácia do Cavaco');
insert into venda_farmacia values (54, '2020-12-04', 'Ácido Lisérgico', 10, 5, 'Farmácia Lima');
insert into venda_farmacia values (55, '2020-12-05', 'Brufen', 100, 5, 'Farmácia do Cavaco');

/* Amadora */
insert into venda_farmacia values (56, '2020-12-04', 'Morfina', 100, 25, 'Farmácia Heleno');
insert into venda_farmacia values (57, '2020-12-05', 'Morfina', 100, 25, 'Farmácia Heleno');
insert into venda_farmacia values (58, '2020-12-05', 'Ben-U-Ron', 100, 25, 'Farmácia Heleno');
insert into venda_farmacia values (59, '2020-11-28', 'Ben-U-Ron', 100, 25, 'Farmácia Heleno');
insert into venda_farmacia values (60, '2020-12-07', 'Zaldiar', 100, 25, 'Farmácia Heleno');
insert into venda_farmacia values (61, '2020-11-25', 'Aspirina', 100, 25, 'Farmácia Heleno');
insert into venda_farmacia values (62, '2020-11-26', 'Aspirina', 100, 25, 'Farmácia Heleno');
insert into venda_farmacia values (63, '2020-11-26', 'Zaldiar', 100, 25, 'Farmácia Heleno');
insert into venda_farmacia values (64, '2020-11-20', 'Zaldiar', 100, 25, 'Farmácia Heleno');
insert into venda_farmacia values (65, '2020-12-08', 'Paracetamol', 100, 25, 'Farmácia Heleno');
insert into venda_farmacia values (66, '2020-12-09', 'Paracetamol', 100, 25, 'Farmácia Heleno');
insert into venda_farmacia values (67, '2020-11-30', 'Aspirina', 100, 25, 'Farmácia Heleno');
insert into venda_farmacia values (68, '2020-11-29', 'Paracetamol', 100, 25, 'Farmácia Heleno');
insert into venda_farmacia values (69, '2019-04-18', 'Valium', 100, 25, 'Farmácia Heleno');
insert into venda_farmacia values (70, '2020-04-03', 'Valium', 100, 25, 'Farmácia Heleno');
insert into venda_farmacia values (71, '2020-12-14', 'Aspirina', 100, 25, 'Farmácia Heleno');
insert into venda_farmacia values (72, '2020-11-24', 'Valium', 100, 25, 'Farmácia Heleno');
insert into venda_farmacia values (73, '2020-04-02', 'Concevit', 100, 25, 'Farmácia Heleno');

/* Águeda */
insert into venda_farmacia values (74, '2020-11-28', 'Blaubimax', 50, 10, 'Farmácia Alla');
insert into venda_farmacia values (75, '2020-11-28', 'Clexane', 10, 15, 'Farmácia Correia');
insert into venda_farmacia values (76, '2020-11-26', 'Enoxalow', 40, 15, 'Farmácia Alla');
insert into venda_farmacia values (77, '2020-11-29', 'Eprex', 1, 20, 'Farmácia Macinhata');
insert into venda_farmacia values (78, '2020-12-01', 'Hemax', 2, 15, 'Farmácia Correia');
insert into venda_farmacia values (79, '2020-12-02', 'Hemax', 2, 15, 'Farmácia Macinhata');

/* Oeiras -> Arouca */
insert into venda_farmacia values (80, '2019-05-17', 'Testosterona', 50, 100, 'Farmácia Brandão Alves');
insert into venda_farmacia values (81, '2020-12-04', 'Testosterona', 50, 100, 'Farmácia Santo António');
insert into venda_farmacia values (82, '2020-12-05', 'Testosterona', 50, 100, 'Farmácia Cabral Brandão');
insert into venda_farmacia values (83, '2020-11-30', 'Testosterona', 50, 100, 'Farmácia Brandão Alves');
insert into venda_farmacia values (84, '2020-12-13', 'Testosterona', 50, 100, 'Farmácia Cabral Brandão');
insert into venda_farmacia values (85, '2020-12-12', 'Testosterona', 50, 100, 'Farmácia Gomes de Pinho');
insert into venda_farmacia values (86, '2020-12-11', 'Trenbolona', 50, 100, 'Farmácia Santo António');
insert into venda_farmacia values (87, '2020-12-14', 'Trenbolona', 50, 100, 'Farmácia Brandão Alves');

/* Torres Vedras */
insert into venda_farmacia values (88, '2020-12-25', 'Lactobacilius', 500, 15, 'Farmácia Quintela');
insert into venda_farmacia values (89, '2019-06-13', 'Lactobacilius', 500, 15, 'Farmácia Quintela');
insert into venda_farmacia values (90, '2020-10-14', 'Lactobacilius', 500, 15, 'Farmácia Quintela');
insert into venda_farmacia values (91, '2020-12-18', 'Lactobacilius', 500, 15, 'Farmácia Quintela');
insert into venda_farmacia values (92, '2019-06-27', 'Lactobacilius', 500, 15, 'Farmácia Quintela');
insert into venda_farmacia values (93, '2019-06-27', 'Lactobacilius', 500, 15, 'Farmácia Quintela');
insert into venda_farmacia values (94, '2020-12-20', 'Lactobacilius', 500, 15, 'Farmácia Quintela');
insert into venda_farmacia values (95, '2021-01-05', 'Lactobacilius', 500, 15, 'Farmácia Quintela');
insert into venda_farmacia values (96, '2020-11-24', 'Lactobacilius', 500, 15, 'Farmácia Quintela');
insert into venda_farmacia values (97, '2020-11-25', 'Lactobacilius', 500, 15, 'Farmácia Quintela');
insert into venda_farmacia values (149, '2020-11-26', 'Lactobacilius', 500, 15, 'Farmácia Quintela');
insert into venda_farmacia values (150, '2020-11-28', 'Lactobacilius', 500, 15, 'Farmácia Quintela');

/* Aveiro */
insert into venda_farmacia values (98, '2020-12-07', 'ImagreceSlim', 100, 25, 'Farmácia Moura Glicínias');
insert into venda_farmacia values (99, '2020-12-06', 'ImagreceSlim', 100, 25, 'Farmácia Moura Glicínias');
insert into venda_farmacia values (100, '2020-12-09', 'O2breathe', 125, 25, 'Farmácia Peixinho');
insert into venda_farmacia values (101, '2020-12-11', 'Besilesomab', 150, 10, 'Farmácia Alagoas');
insert into venda_farmacia values (102, '2020-12-16', 'Vitamina D', 7, 10, 'Farmácia Alagoas');
insert into venda_farmacia values (103, '2020-12-09', 'BreatheFree', 500, 50, 'Farmácia Peixinho');
insert into venda_farmacia values (104, '2020-12-14', 'O2breathe', 100, 20, 'Farmácia Peixinho');

/* Beja */
insert into venda_farmacia values (105, '2020-12-20', 'Metamizol', 5, 25, 'Farmácia Carapinha do Ó');
insert into venda_farmacia values (106, '2020-12-18', 'Analgésico', 60, 10, 'Farmácia Carapinha do Ó');
insert into venda_farmacia values (107, '2020-12-21', 'Analgésico', 60, 10, 'Farmácia Carapinha do Ó');
insert into venda_farmacia values (108, '2021-01-05', 'Morfina', 1000, 125, 'Farmácia Carapinha do Ó');
insert into venda_farmacia values (109, '2021-01-05', 'Dexametasona', 5, 35, 'Farmácia Carapinha do Ó');
insert into venda_farmacia values (110, '2020-11-23', 'Metamizol', 5, 25, 'Farmácia Carapinha do Ó');
insert into venda_farmacia values (111, '2020-11-26', 'Morfina', 100, 15, 'Farmácia Carapinha do Ó');
insert into venda_farmacia values (112, '2020-11-29', 'Morfina', 100, 15, 'Farmácia Carapinha do Ó');

/* Portalegre -> Beja */
insert into venda_farmacia values (113, '2020-11-20', 'Buspirona', 100, 15, 'Farmácia Gomes de Pinho');
insert into venda_farmacia values (114, '2020-11-21', 'Maxilase', 55, 10, 'Farmácia Gomes de Pinho');
insert into venda_farmacia values (115, '2020-12-19', 'Buspirona', 55, 15, 'Farmácia Gomes de Pinho');
insert into venda_farmacia values (116, '2020-11-22', 'Maxilase', 90, 10, 'Farmácia Gomes de Pinho');
insert into venda_farmacia values (117, '2020-11-23', 'Buspirona', 55, 15, 'Farmácia Gomes de Pinho');
insert into venda_farmacia values (118, '2020-11-24', 'Maxilase', 90, 10, 'Farmácia Gomes de Pinho');

/* Albufeira */
insert into venda_farmacia values (119, '2020-11-21', 'Aspirina', 100, 30, 'Farmácia Alves da Sousa');
insert into venda_farmacia values (120, '2020-11-23', 'Aspirina', 100, 30, 'Farmácia Alves da Sousa');
insert into venda_farmacia values (121, '2020-11-23', 'Aspirina', 100, 30, 'Farmácia Alves da Sousa');
insert into venda_farmacia values (122, '2020-11-24', 'Aspirina', 100, 30, 'Farmácia Alves da Sousa');
insert into venda_farmacia values (123, '2020-12-01', 'Aspirina', 100, 30, 'Farmácia Alves da Sousa');
insert into venda_farmacia values (124, '2020-12-02', 'Aspirina', 100, 30, 'Farmácia Alves da Sousa');
insert into venda_farmacia values (125, '2020-12-02', 'Aspirina', 100, 30, 'Farmácia Alves da Sousa');
insert into venda_farmacia values (126, '2020-12-05', 'Aspirina', 100, 30, 'Farmácia Alves da Sousa');
insert into venda_farmacia values (127, '2020-12-06', 'Aspirina', 100, 30, 'Farmácia Alves da Sousa');
insert into venda_farmacia values (128, '2020-12-06', 'Aspirina', 100, 30, 'Farmácia Alves da Sousa');

/* Faro */
insert into venda_farmacia values (129, '2020-12-09', 'Zithromax', 50, 30, 'Farmácia da Penha');
insert into venda_farmacia values (130, '2020-12-03', 'Amoxil', 75, 35, 'Farmácia da Penha');
insert into venda_farmacia values (131, '2020-12-04', 'Levaquin', 40, 25, 'Farmácia da Penha');
insert into venda_farmacia values (132, '2020-12-08', 'Tamiflu', 125, 20, 'Farmácia da Penha');
insert into venda_farmacia values (133, '2020-12-12', 'Amoxil', 75, 50, 'Farmácia da Penha');
insert into venda_farmacia values (134, '2020-12-16', 'Tamiflu', 25, 5, 'Farmácia da Penha');
insert into venda_farmacia values (135, '2019-12-05', 'Prozac', 200, 75, 'Farmácia da Penha');
insert into venda_farmacia values (136, '2019-12-15', 'Prozac', 200, 75, 'Farmácia da Penha');
insert into venda_farmacia values (137, '2020-12-07', 'Prozac', 200, 75, 'Farmácia da Penha');
insert into venda_farmacia values (138, '2019-12-19', 'Prozac', 200, 75, 'Farmácia da Penha');
insert into venda_farmacia values (139, '2020-12-10', 'Prozac', 200, 75, 'Farmácia da Penha');
insert into venda_farmacia values (140, '2020-12-12', 'Prozac', 200, 75, 'Farmácia da Penha');

/* Portimão */
insert into venda_farmacia values (141, '2020-11-30', 'Paracetamol', 400, 30, 'Farmácia Rosa Nunes');
insert into venda_farmacia values (142, '2020-12-17', 'Maxilase', 80, 30, 'Farmácia Rosa Nunes');
insert into venda_farmacia values (143, '2020-12-15', 'Maxilase', 65, 30, 'Farmácia Rosa Nunes');
insert into venda_farmacia values (144, '2020-12-16', 'Paracetamol', 400, 30, 'Farmácia Rosa Nunes');
insert into venda_farmacia values (145, '2020-12-17', 'Morfina', 80, 30, 'Farmácia Rosa Nunes');
insert into venda_farmacia values (146, '2020-12-18', 'Paracetamol', 400, 30, 'Farmácia Rosa Nunes');
insert into venda_farmacia values (147, '2020-11-23', 'Paracetamol', 400, 30, 'Farmácia Rosa Nunes');
insert into venda_farmacia values (148, '2020-11-28', 'Paracetamol', 400, 30, 'Farmácia Rosa Nunes');


/* Prescricao Venda */
/* Arouca */
insert into prescricao_venda values (45, 45, '2020-01-01', 'Aspirina', 1);
insert into prescricao_venda values (45, 45, '2020-03-02', 'Aspirina', 2);
insert into prescricao_venda values (45, 45, '2020-06-01', 'Aspirina', 3);
insert into prescricao_venda values (45, 45, '2020-09-01', 'Aspirina', 4);
insert into prescricao_venda values (45, 45, '2020-12-01', 'Aspirina', 6);
insert into prescricao_venda values (39, 39, '2020-12-10', 'Aspirina', 5);
insert into prescricao_venda values (39, 41, '2020-12-01', 'Aspirina', 7);
insert into prescricao_venda values (39, 42, '2020-12-01', 'Aspirina', 8);
insert into prescricao_venda values (39, 44, '2020-12-01', 'Aspirina', 9);
insert into prescricao_venda values (41, 41, '2020-12-11', 'Aspirina', 10);
insert into prescricao_venda values (39, 39, '2020-12-10', 'Fenitoína', 151);
insert into prescricao_venda values (39, 41, '2020-12-14', 'Aspirina', 152);

/* Lisboa */
insert into prescricao_venda values (1, 1, '2020-11-17', 'Bacitracina', 13);
insert into prescricao_venda values (1, 5, '2020-10-23', 'Canespor', 14);
insert into prescricao_venda values (2, 1, '2019-01-01', 'Bromofenac', 15);

/* Porto */
insert into prescricao_venda values (4, 8, '2020-11-26', 'Brufen', 23);
insert into prescricao_venda values (5, 9, '2020-11-27', 'Brufen', 24);
insert into prescricao_venda values (5, 10, '2020-11-27', 'Brufen', 31);
insert into prescricao_venda values (5, 10, '2020-11-30', 'Brufen', 36);
insert into prescricao_venda values (5, 11, '2020-11-30', 'Brufen', 37);
insert into prescricao_venda values (6, 10, '2020-11-27', 'Brufen', 39);

/* Santa Maria da Feira */
insert into prescricao_venda values (7, 13, '2020-12-01', 'Prozac', 41);
insert into prescricao_venda values (7, 13, '2020-12-01', 'Xanax', 42);
insert into prescricao_venda values (7, 13, '2020-12-01', 'Ácido Lisérgico', 52);
insert into prescricao_venda values (8, 13, '2020-12-07', 'Paracetamol', 47);

/* Amadora */
insert into prescricao_venda values (9, 16, '2020-12-02', 'Morfina', 57);
insert into prescricao_venda values (9, 14, '2020-12-03', 'Ben-U-Ron', 58);
insert into prescricao_venda values (9, 15, '2020-12-01', 'Zaldiar', 60);
insert into prescricao_venda values (9, 15, '2020-12-01', 'Paracetamol', 65);
insert into prescricao_venda values (10, 16, '2019-04-16', 'Valium', 69);
insert into prescricao_venda values (10, 14, '2020-04-01', 'Valium', 70);
insert into prescricao_venda values (10, 14, '2020-04-01', 'Concevit', 73);

/* Águeda */
insert into prescricao_venda values (3, 6, '2020-11-23', 'Blaubimax', 74);
insert into prescricao_venda values (3, 6, '2020-11-23', 'Clexane', 75);
insert into prescricao_venda values (3, 7, '2020-11-23', 'Enoxalow', 76);
insert into prescricao_venda values (3, 6, '2020-11-25', 'Eprex', 77);
insert into prescricao_venda values (3, 6, '2020-11-25', 'Hemax', 79);

/* Oeiras */
insert into prescricao_venda values (13, 18, '2019-05-15', 'Testosterona', 80);
insert into prescricao_venda values (13, 17, '2020-12-03', 'Testosterona', 82);
insert into prescricao_venda values (13, 17, '2020-12-10', 'Testosterona', 84);
insert into prescricao_venda values (13, 17, '2020-12-10', 'Trenbolona', 87);

/* Torres Vedras */
insert into prescricao_venda values (18, 21, '2020-12-23', 'Lactobacilius', 88);
insert into prescricao_venda values (18, 22, '2019-06-11', 'Lactobacilius', 89);
insert into prescricao_venda values (19, 24, '2020-10-14', 'Lactobacilius', 90);
insert into prescricao_venda values (20, 21, '2020-12-17', 'Lactobacilius', 91);
insert into prescricao_venda values (21, 21, '2019-06-26', 'Lactobacilius', 92);
insert into prescricao_venda values (22, 24, '2019-06-20', 'Lactobacilius', 93);
insert into prescricao_venda values (22, 23, '2020-12-18', 'Lactobacilius', 94);
insert into prescricao_venda values (22, 22, '2021-01-05', 'Lactobacilius', 95);

/* Aveiro */
insert into prescricao_venda values (23, 25, '2020-12-07', 'ImagreceSlim', 98);
insert into prescricao_venda values (24, 25, '2020-12-08', 'O2breathe', 100);
insert into prescricao_venda values (25, 27, '2020-12-10', 'Besilesomab', 101);
insert into prescricao_venda values (26, 28, '2020-12-11', 'Vitamina D', 102);
insert into prescricao_venda values (27, 26, '2020-12-07', 'BreatheFree', 103);
insert into prescricao_venda values (27, 27, '2020-12-08', 'O2breathe', 104);

/* Beja */
insert into prescricao_venda values (28, 28, '2020-12-01', 'Metamizol', 105);
insert into prescricao_venda values (30, 31, '2020-12-15', 'Analgésico', 106);
insert into prescricao_venda values (30, 29, '2020-12-16', 'Analgésico', 107);
insert into prescricao_venda values (31, 30, '2021-01-01', 'Morfina', 108);
insert into prescricao_venda values (32, 30, '2021-01-04', 'Dexametasona', 109);

/* Portalegre */
insert into prescricao_venda values (33, 32, '2020-11-18', 'Maxilase', 114);
insert into prescricao_venda values (33, 32, '2020-12-18', 'Maxilase', 115);

/* Faro */
insert into prescricao_venda values (36, 35, '2020-12-02', 'Zithromax', 129);
insert into prescricao_venda values (36, 36, '2020-12-02', 'Amoxil', 130);
insert into prescricao_venda values (36, 38, '2020-12-02', 'Levaquin', 131);
insert into prescricao_venda values (36, 37, '2020-12-03', 'Tamiflu', 132);
insert into prescricao_venda values (36, 36, '2020-12-10', 'Amoxil', 133);
insert into prescricao_venda values (36, 36, '2020-12-10', 'Tamiflu', 134);
insert into prescricao_venda values (37, 35, '2019-12-03', 'Prozac', 135);
insert into prescricao_venda values (37, 35, '2019-12-12', 'Prozac', 136);
insert into prescricao_venda values (37, 37, '2020-12-04', 'Prozac', 137);
insert into prescricao_venda values (37, 35, '2019-05-17', 'Prozac', 138);
insert into prescricao_venda values (37, 35, '2020-12-03', 'Prozac', 139);
insert into prescricao_venda values (37, 37, '2020-12-07', 'Prozac', 140);

/* Portimão */
insert into prescricao_venda values (35, 33, '2020-11-30', 'Paracetamol', 141);
insert into prescricao_venda values (35, 34, '2020-12-14', 'Maxilase', 142);
insert into prescricao_venda values (35, 34, '2020-12-15', 'Maxilase', 143);
insert into prescricao_venda values (35, 34, '2020-12-16', 'Paracetamol', 144);
insert into prescricao_venda values (35, 34, '2020-12-17', 'Morfina', 145);
insert into prescricao_venda values (35, 34, '2020-12-18', 'Paracetamol', 146);
